ID_Transacao,Data,Valor,ID_Cliente,Anomalia
15946,2024-11-24T13:31:32.858Z,54164.297848643444,7273,true
20667,2024-11-17T00:02:54.540Z,97197.8053699549,5209,true
28589,2023-10-17T21:05:59.278Z,55552.31158631036,8953,true
16692,2024-04-30T17:56:07.157Z,98776.94525616671,9471,true
38860,2024-04-21T03:45:07.806Z,63715.81277052213,2043,true
48385,2024-04-18T14:47:35.676Z,66842.74555231913,6337,true
15343,2023-11-16T01:36:42.203Z,67929.94655166221,3489,true
81638,2023-03-06T15:19:48.287Z,56436.60288967793,4996,true
46289,2024-06-21T08:48:14.647Z,86851.62891845073,8464,true
16671,2023-09-14T06:43:03.999Z,81661.96770922956,3454,true
71966,2023-02-19T23:40:24.681Z,79640.83782035108,4921,true
24639,2023-07-05T21:20:19.767Z,62777.22674454577,5786,true
98973,2024-07-17T14:18:45.024Z,59952.30635054537,2387,true
40021,2023-10-25T17:25:44.916Z,56595.99002945781,9908,true
57150,2023-03-13T02:56:08.220Z,62964.83301356848,5348,true
67704,2024-05-04T04:15:56.998Z,96451.81576937885,5011,true
69532,2023-08-25T16:47:16.361Z,55929.035230877555,7644,true
97008,2023-06-02T10:44:01.058Z,85398.7930813079,6343,true
56251,2024-01-16T03:01:05.092Z,89557.71792063405,4891,true
50286,2023-12-07T02:16:37.034Z,75367.81575597778,7940,true
73895,2023-09-23T06:18:27.873Z,57748.150736804615,8529,true
97079,2023-06-22T05:37:58.205Z,92807.84828254404,2471,true
65841,2023-09-01T10:38:56.572Z,70927.0780662076,3919,true
53416,2024-05-25T22:24:29.824Z,61310.14366970232,7600,true
90224,2024-07-07T01:43:34.198Z,95916.79841360782,9390,true
21760,2023-04-15T06:51:23.743Z,79090.68539977858,5094,true
37015,2024-07-23T12:00:36.294Z,77827.21492349876,9754,true
52957,2024-02-07T08:44:51.160Z,61547.43202784131,8270,true
96648,2023-12-30T07:36:40.583Z,69980.19472555553,7834,true
42411,2024-08-16T00:37:04.406Z,76324.33155442079,3916,true
84428,2024-08-10T21:40:56.115Z,73707.59416391906,1991,true
56755,2024-06-07T05:09:21.140Z,97139.93158171632,1373,true
13222,2023-03-04T01:11:42.097Z,73889.59577682617,5444,true
94743,2023-03-13T20:08:00.031Z,57816.275153135524,2958,true
48569,2024-09-24T16:49:23.786Z,96624.6424794708,3355,true
56129,2023-10-12T10:54:21.351Z,67719.53960194619,8484,true
66073,2023-05-14T14:11:48.294Z,68096.86686106869,6568,true
14282,2024-02-21T18:27:56.586Z,60034.149625927035,6907,true
37182,2023-02-24T14:17:25.068Z,79624.76973410911,3157,true
33482,2023-12-23T11:50:35.236Z,91879.14002313983,8390,true
20216,2023-09-23T08:22:41.745Z,50957.27034964767,4284,true
42654,2023-03-14T20:56:29.223Z,86977.70039357897,3617,true
75763,2023-07-23T01:46:23.093Z,69132.05738503195,4747,true
28453,2024-07-21T18:44:16.354Z,89464.93974979439,7623,true
47545,2024-04-21T01:39:53.745Z,66739.58482068703,9409,true
28796,2024-03-07T02:17:54.553Z,77966.61995680747,2262,true
33771,2024-08-11T09:15:01.361Z,92775.82553023085,2177,true
54630,2023-01-23T04:40:18.396Z,76469.42240429576,4013,true
69818,2024-07-16T03:41:10.960Z,66186.37509669852,8005,true
35116,2024-10-17T05:44:33.240Z,72470.80386996386,9252,true
13810,2024-12-09T03:46:09.431Z,75333.93617663498,7724,true
14999,2024-09-15T19:35:11.692Z,51929.94416744329,3691,true
73258,2024-03-17T13:20:31.704Z,72637.31040384606,1801,true
24468,2023-01-17T01:35:17.781Z,71928.33462631392,4295,true
16452,2024-04-17T03:57:26.148Z,57656.337624173495,1745,true
19786,2023-08-07T22:01:53.588Z,99242.7412353871,3050,true
30839,2024-12-07T23:12:28.712Z,86517.29142636665,5125,true
69529,2023-10-29T15:11:56.592Z,88240.83604374854,9968,true
33822,2024-01-03T02:23:23.880Z,59704.76853957753,4492,true
36622,2024-09-01T22:00:40.092Z,78395.8656837565,1671,true
49181,2023-02-12T05:54:43.838Z,85339.64377048667,9037,true
40678,2023-11-20T19:36:55.099Z,88494.09690989504,4399,true
51274,2024-11-29T18:17:33.680Z,59731.970091974305,6795,true
15979,2024-07-02T05:58:57.541Z,87335.52489731376,4206,true
38909,2024-11-29T11:31:39.240Z,63874.33820439312,8052,true
55876,2024-10-03T22:03:06.375Z,57670.80344693615,6918,true
81864,2023-12-18T09:39:50.302Z,83068.80200251445,8301,true
27388,2024-02-20T20:40:04.836Z,84094.89199796208,3482,true
52655,2024-01-28T15:12:04.995Z,96876.87467897043,6515,true
54482,2023-05-16T17:40:53.255Z,95682.92124545577,7636,true
73871,2024-10-27T17:23:46.417Z,76401.81964627527,7488,true
44957,2024-06-21T18:35:32.445Z,52737.91906282956,2197,true
28909,2023-06-19T15:09:30.108Z,83330.34517359413,1684,true
21462,2023-02-15T12:56:51.403Z,64956.69078490749,4161,true
61590,2023-08-03T14:46:05.575Z,62634.89583404453,3639,true
49116,2024-08-14T16:22:11.025Z,69190.84528601804,7527,true
80758,2024-02-20T07:04:52.672Z,55511.883424913074,5627,true
61756,2024-10-02T03:35:05.325Z,81937.57872497413,6615,true
83269,2024-06-22T00:12:39.101Z,82728.46574903159,9588,true
69260,2024-06-24T13:27:00.900Z,84000.95041173568,7887,true
14677,2023-02-22T12:57:20.967Z,59391.60140074552,3812,true
10558,2023-07-28T10:30:58.317Z,50572.01800588597,7390,true
18690,2024-09-15T17:21:58.938Z,98617.85931624293,9954,true
12422,2024-01-04T05:06:33.040Z,95436.58877981795,6835,true
24522,2023-04-28T10:45:10.622Z,55711.25983085786,2030,true
42878,2023-10-04T20:00:24.562Z,81218.69872383331,7255,true
59573,2024-04-15T01:35:57.506Z,76215.56488936985,2525,true
59971,2023-08-19T14:46:01.051Z,69416.8629171449,2787,true
43670,2024-01-30T20:03:09.995Z,53439.86111294206,6587,true
36112,2024-12-17T22:40:20.668Z,63156.3514011114,5374,true
61299,2023-02-12T13:11:26.829Z,83272.49876955007,9558,true
22171,2023-01-31T18:49:51.143Z,60242.541668722886,6863,true
78493,2024-05-09T02:05:53.334Z,59367.57551486126,3475,true
74931,2023-10-26T02:43:43.155Z,58841.910491670504,7581,true
46712,2023-01-07T20:10:34.388Z,94907.34170264595,2415,true
12270,2023-02-01T20:34:49.662Z,79643.54773825573,3460,true
97538,2024-11-12T20:08:02.544Z,71412.90871883249,8610,true
88375,2024-04-29T14:17:30.933Z,65405.17618376237,5480,true
59198,2024-06-11T23:22:06.125Z,74763.46078072154,8037,true
72066,2023-01-28T00:46:04.248Z,64549.85762471309,2216,true
64231,2024-07-11T09:27:39.745Z,71224.71710419017,5306,true
64350,2023-04-18T14:58:02.698Z,82809.61232818948,7352,true
36433,2023-03-17T10:27:47.254Z,81345.11033944975,2245,true
67675,2024-03-03T04:37:22.349Z,79115.41234144018,7314,true
81181,2023-05-27T19:48:40.775Z,50318.296039528934,1909,true
97093,2023-09-12T04:50:44.621Z,54035.33222680699,1864,true
10888,2024-09-14T16:16:29.811Z,54100.7053145702,6912,true
19401,2023-06-28T06:47:29.135Z,60767.69563376735,2850,true
12921,2024-07-21T15:34:22.117Z,96388.40030180119,9700,true
37064,2023-01-23T05:27:21.420Z,86880.68598848327,1373,true
72758,2023-08-20T00:19:04.577Z,74629.56829348789,5708,true
43774,2024-09-25T22:15:37.345Z,68270.72577776821,4923,true
47779,2023-04-23T19:17:30.040Z,98744.3633602508,9794,true
10046,2024-09-21T20:15:18.278Z,76489.63846675373,9346,true
25210,2023-08-11T03:52:56.040Z,88447.18811716643,1600,true
69517,2024-03-29T00:40:14.554Z,63551.63085061441,9089,true
23434,2023-01-22T00:42:47.187Z,51355.36031651962,6530,true
68690,2023-04-06T02:50:03.815Z,85353.58237931825,9134,true
41396,2024-06-04T11:31:54.233Z,87135.55037156939,4960,true
62434,2024-02-15T00:27:46.058Z,81434.89792660957,5250,true
91607,2024-05-06T00:48:05.646Z,71013.2968892307,4236,true
72459,2024-03-12T13:57:19.901Z,96737.93187491815,8316,true
64368,2024-09-09T16:34:26.753Z,81862.42204826276,8492,true
58176,2024-02-21T03:13:07.215Z,53883.776570544214,8065,true
58385,2023-02-18T13:16:13.433Z,58594.17015387895,4378,true
28010,2023-04-04T16:31:23.168Z,90067.91997642143,6032,true
77939,2024-04-29T11:22:48.261Z,94906.22935652794,3941,true
21170,2023-09-13T10:26:36.073Z,90555.84392516795,2310,true
20097,2023-04-04T21:54:57.842Z,67408.35012436446,9389,true
20474,2023-06-23T18:36:03.456Z,57050.12737150258,7449,true
98931,2024-06-10T22:37:29.001Z,78335.00523455942,5119,true
90654,2023-11-19T14:32:49.220Z,83004.51285975944,7441,true
42920,2024-06-10T19:54:16.905Z,87575.99918630766,2564,true
98577,2023-09-08T20:57:32.570Z,55775.3739894545,3434,true
10374,2024-10-26T20:13:07.688Z,74991.47475636784,5531,true
70722,2023-03-25T10:28:53.632Z,80823.4644017395,1948,true
51139,2023-01-24T11:20:44.796Z,66547.33593124273,1449,true
25018,2023-01-29T22:25:51.561Z,80314.86684633481,4886,true
41231,2024-07-20T10:05:29.515Z,69461.85339750408,7185,true
74899,2024-07-09T06:04:30.371Z,57856.6345289897,1357,true
19024,2023-08-11T15:07:03.126Z,63696.40195161986,4526,true
97971,2024-11-19T10:52:35.466Z,75400.30820269014,8856,true
91826,2023-01-14T15:40:05.464Z,71665.05844825991,8550,true
85406,2024-12-15T16:11:43.352Z,61683.8793793352,4437,true
42342,2024-09-16T09:30:07.057Z,64941.80496839257,4593,true
45081,2023-01-29T13:57:36.757Z,79700.8421243274,7543,true
50937,2023-04-18T06:02:08.839Z,99902.60911162721,6538,true
36181,2023-05-08T05:47:22.432Z,85508.70480768847,9465,true
40599,2023-04-22T03:36:32.302Z,71439.20978577319,6969,true
53026,2023-04-14T05:59:06.782Z,65261.442828289146,1126,true
87731,2023-06-09T01:13:41.625Z,62105.24968428628,9559,true
29868,2023-11-13T13:13:37.332Z,57834.8434221173,4967,true
34108,2024-10-26T22:00:18.730Z,66605.72804040782,4086,true
84264,2023-11-23T06:04:18.109Z,65587.23481148403,7257,true
32423,2024-09-24T20:20:44.936Z,58441.18402613049,4778,true
41273,2023-04-14T06:00:15.672Z,70712.91056669981,3802,true
49071,2023-06-07T16:06:19.430Z,87984.17689702775,6512,true
64125,2023-04-08T03:24:08.605Z,87962.56961808456,8548,true
95470,2023-07-19T17:10:55.197Z,95428.05137334493,2946,true
76635,2023-09-12T15:11:49.858Z,61787.23284387261,5614,true
46240,2023-06-14T04:00:35.301Z,95589.57121756914,7265,true
45001,2023-10-19T06:29:54.448Z,53387.67973163638,9542,true
87410,2024-06-17T01:27:16.911Z,65884.52469351131,8100,true
61992,2023-05-28T13:11:39.760Z,83874.36125627556,7710,true
84635,2024-10-06T16:15:18.748Z,66278.56305122576,6088,true
49469,2023-09-06T02:05:02.289Z,74716.07731502707,4727,true
36382,2023-05-08T01:36:11.576Z,53693.257602734186,8818,true
91386,2023-09-01T03:30:02.283Z,93024.13200317405,5900,true
35426,2023-03-10T03:14:57.416Z,90708.91772985939,2841,true
82338,2024-05-29T01:39:27.155Z,61067.648494796435,5489,true
48034,2024-07-23T16:46:13.665Z,97878.79387960592,5144,true
21238,2023-10-26T04:24:18.724Z,96642.31697781928,3718,true
27602,2024-12-07T05:39:40.971Z,80989.16588964046,2056,true
56090,2024-02-08T14:22:43.817Z,77601.55075178665,2225,true
86353,2024-07-24T02:31:19.654Z,51327.78627711231,6815,true
32582,2024-07-26T04:38:07.568Z,52699.77602852359,2434,true
67087,2023-06-04T05:26:15.064Z,99054.18790657938,7780,true
33394,2024-11-26T17:50:54.311Z,68841.5083693296,9322,true
14946,2023-09-27T08:14:55.953Z,74727.05398264146,8094,true
38351,2023-10-08T18:58:44.125Z,79066.36275676731,2690,true
66372,2023-06-30T18:54:38.639Z,53796.54064457815,6678,true
37332,2024-12-25T15:49:40.943Z,72407.81526556381,9387,true
77672,2024-04-30T10:52:50.136Z,94557.87741955306,7511,true
38169,2024-06-15T05:48:07.527Z,78698.10767492921,5309,true
73561,2024-12-21T05:40:09.564Z,61439.86864546011,5410,true
14735,2023-01-18T11:38:30.811Z,73248.53855069091,9250,true
79976,2023-08-29T10:10:19.949Z,72902.73396709841,9657,true
10149,2024-07-29T05:59:54.263Z,73691.39562999179,8274,true
76040,2023-05-31T19:12:37.745Z,83055.52364163638,7279,true
12059,2023-06-21T21:33:29.928Z,77879.93197349433,7939,true
23722,2024-05-04T10:12:43.529Z,69129.33701869022,8718,true
79117,2023-10-27T22:41:09.405Z,67163.71796393726,3275,true
50450,2023-07-09T18:36:59.438Z,87769.61424886831,7801,true
75354,2023-12-08T15:57:47.921Z,98951.84117995178,3289,true
13926,2023-12-08T14:21:46.495Z,87970.3343264668,8911,true
93340,2023-03-23T05:43:18.914Z,64987.69902837307,3416,true
62789,2024-06-11T16:19:22.696Z,70277.9359749894,7517,true
55212,2024-09-09T22:53:22.395Z,85390.45766741777,6419,true
72267,2024-04-26T12:20:11.412Z,69226.31535817406,9057,true
28897,2024-10-30T07:23:47.012Z,66444.98470196594,9487,true
19997,2024-12-17T01:18:44.466Z,69070.95255364201,8137,true
64634,2024-08-02T19:23:04.257Z,62255.19811894743,8619,true
60714,2024-05-23T12:41:23.006Z,70459.13464725428,7983,true
50862,2023-08-28T12:14:32.755Z,74979.724347699,2299,true
57180,2023-08-24T08:32:22.314Z,71921.11284842208,6521,true
78037,2024-08-16T02:08:08.951Z,51687.90157038362,3285,true
69729,2024-06-30T21:38:05.279Z,57291.368514443835,1392,true
19234,2023-03-31T05:39:12.663Z,96430.38565300008,8503,true
70348,2023-12-08T04:31:45.288Z,93494.25387151407,2915,true
40345,2024-04-30T11:37:44.723Z,99266.0183919663,4491,true
78821,2024-01-12T19:56:50.224Z,79799.52280100735,7683,true
76175,2023-05-14T15:37:33.759Z,74234.67426099551,5687,true
37033,2023-03-11T03:15:50.958Z,64738.8236035634,6338,true
94496,2024-06-20T20:55:59.819Z,64254.90872068946,7425,true
82052,2023-10-22T10:58:25.789Z,83273.3949776911,7599,true
79571,2024-11-27T21:53:44.303Z,64289.47440435721,1178,true
43758,2023-06-30T22:17:14.270Z,50965.83642799642,5153,true
20939,2023-04-02T19:12:08.198Z,57470.237109594644,1011,true
42438,2023-08-14T01:33:12.793Z,96985.3773235562,9621,true
28047,2023-10-25T07:07:11.890Z,57877.48998653031,6633,true
52579,2024-06-10T01:35:31.577Z,68413.80285378094,4908,true
75414,2023-02-15T14:21:19.036Z,50583.47098259118,5008,true
92556,2024-01-13T06:53:42.548Z,89550.68334795919,4343,true
89064,2023-03-25T13:30:32.916Z,62418.884480196015,9661,true
66460,2024-12-09T22:47:31.637Z,73636.7095353148,8164,true
36261,2023-12-24T14:16:14.401Z,78834.96822846474,5786,true
73147,2024-01-25T03:58:49.192Z,77018.07950193259,2637,true
26163,2024-04-14T07:36:33.571Z,68509.23866312916,3087,true
50947,2024-10-09T11:06:48.963Z,80027.07460223236,7667,true
23495,2024-04-26T20:25:20.887Z,95034.47427372297,6947,true
72838,2023-06-28T17:35:25.213Z,87864.2882226096,5883,true
96092,2024-05-21T03:43:46.165Z,79321.9685818957,6387,true
52754,2023-11-02T14:20:34.762Z,74655.3240858722,8228,true
60335,2023-07-07T10:55:05.909Z,90543.3219298014,8420,true
51134,2024-09-30T03:14:23.933Z,55664.67944186553,8654,true
79887,2023-08-09T20:27:47.757Z,96494.83048914603,6927,true
66935,2024-08-08T05:37:13.083Z,72588.84321853734,9671,true
48598,2024-06-30T14:00:14.424Z,56334.9797398302,7325,true
97953,2023-07-05T04:14:20.416Z,81072.36608858324,6068,true
73518,2024-04-17T17:50:30.795Z,63840.72534579352,3614,true
20498,2024-07-02T03:24:32.553Z,66301.16310955181,9088,true
19411,2023-05-08T02:10:23.364Z,74168.0792331594,1391,true
13579,2024-10-03T07:56:46.055Z,77357.79826707514,4523,true
88015,2023-04-17T06:36:57.768Z,75346.75268359744,7122,true
49670,2024-12-13T02:08:22.321Z,62975.23869128854,7821,true
91945,2024-10-07T16:16:11.235Z,68463.1443795206,3503,true
84944,2024-05-03T13:45:43.715Z,65985.73119822067,5390,true
50953,2023-01-15T03:47:40.596Z,78346.6536689178,5093,true
65961,2024-10-20T19:15:57.194Z,78344.4189974179,1657,true
62077,2024-02-03T20:17:19.721Z,62858.97039012943,1236,true
21213,2023-10-19T03:02:29.003Z,59317.60714939798,9146,true
58951,2024-06-11T20:18:42.961Z,54849.747808331114,6542,true
33452,2024-11-12T07:02:39.480Z,52459.44380110424,5104,true
69487,2023-06-07T19:48:35.903Z,97655.45417662003,2668,true
54048,2023-08-16T11:12:31.626Z,89483.02053702938,2491,true
13605,2024-05-10T10:58:24.127Z,56139.89047056,1438,true
31476,2023-10-28T04:57:57.707Z,95311.7521813913,7918,true
54853,2024-12-11T13:47:26.164Z,72900.24429611994,7721,true
78037,2023-01-10T16:49:29.907Z,67876.89787130784,3540,true
41144,2024-07-27T22:08:04.593Z,81142.70952466952,3934,true
24525,2024-12-01T07:15:12.201Z,58804.37932908369,1237,true
11287,2023-02-06T21:15:19.971Z,76013.37132211222,8218,true
91925,2024-01-30T13:38:07.788Z,63472.05888172013,2870,true
99526,2023-12-20T05:43:36.530Z,54375.62913775411,1235,true
14098,2023-07-18T22:29:17.771Z,78970.58284490273,3516,true
47571,2024-02-25T09:13:33.324Z,92745.07352492816,3084,true
87615,2024-12-07T04:38:40.569Z,53584.435341925695,5303,true
80822,2024-12-10T19:50:00.600Z,76173.3604249912,3547,true
67203,2024-07-05T20:56:47.217Z,54989.95740608612,9105,true
24996,2023-08-28T03:03:13.338Z,59503.70998289165,7715,true
73123,2023-11-03T22:04:47.835Z,93140.49735507867,9699,true
54748,2024-04-30T05:42:53.600Z,97133.81178050226,8770,true
73974,2023-02-08T18:07:50.771Z,61522.276043067046,7529,true
90504,2024-01-19T03:13:01.322Z,59745.3182095462,6385,true
38055,2024-05-01T16:22:20.532Z,83909.37141501685,9640,true
70315,2024-05-13T12:22:57.231Z,70086.46556345596,5877,true
71892,2024-04-04T01:55:52.570Z,66317.87821350513,1983,true
68466,2024-12-27T15:44:06.058Z,57280.32071747202,6711,true
35917,2024-12-30T07:47:44.827Z,52607.99745973179,3345,true
55292,2024-09-21T18:32:41.383Z,53426.50084124587,1560,true
15318,2024-04-04T22:44:52.947Z,63762.96902768323,9321,true
49880,2024-06-20T18:31:20.496Z,88883.27142554232,9586,true
61071,2023-06-24T10:38:25.557Z,56370.302344132375,5092,true
53340,2024-03-27T18:22:40.149Z,63572.249597348746,5543,true
83873,2023-12-18T16:21:22.999Z,73234.67543276207,1796,true
54155,2023-12-21T14:20:43.189Z,88858.5043409396,7231,true
49987,2024-06-01T06:26:55.448Z,56358.10177738136,5551,true
29315,2023-10-03T17:10:40.334Z,75578.55958358153,2339,true
34318,2024-01-25T09:42:42.556Z,64291.28424123581,2957,true
75665,2024-10-06T23:44:23.402Z,84034.60505674704,6510,true
81656,2023-04-07T19:22:36.494Z,53832.411701033154,7607,true
82436,2023-01-20T08:10:57.946Z,80316.19947509075,6769,true
65547,2024-11-01T19:12:36.233Z,90920.32469598233,4548,true
34137,2023-04-08T11:35:31.164Z,52685.61607038945,5696,true
63572,2023-04-06T16:27:51.837Z,61381.886460038455,4727,true
45983,2023-10-10T15:11:44.935Z,55534.3332332158,5155,true
74974,2023-03-29T05:02:50.280Z,86663.81393926608,5179,true
96166,2024-03-21T02:33:02.380Z,73826.98761512976,4711,true
30192,2024-06-10T17:52:23.664Z,73812.26574585898,6253,true
75775,2024-03-11T17:03:30.356Z,77982.68723543154,8961,true
91065,2024-02-06T00:37:43.021Z,75887.14518996296,6484,true
35102,2024-07-17T18:42:59.691Z,62159.37721569633,7331,true
85436,2024-04-21T07:30:46.258Z,64600.85387294795,6806,true
85803,2024-10-05T16:06:23.158Z,71780.03776990669,4752,true
14304,2023-09-19T15:59:59.321Z,59388.00208911,7919,true
26463,2024-03-09T05:32:52.132Z,68872.07255220649,3969,true
21734,2024-11-14T07:45:03.000Z,96040.40238902293,4785,true
86166,2024-12-17T04:47:19.927Z,74282.9428042258,5563,true
21230,2024-06-15T21:44:57.676Z,64750.85088248224,1264,true
78882,2024-12-14T19:26:05.592Z,90170.19617077349,6069,true
57067,2024-04-04T21:15:20.409Z,86649.65267430745,8730,true
61025,2023-01-22T15:57:56.947Z,70630.81427226939,1622,true
99379,2023-07-18T10:35:36.042Z,50857.75027600455,5403,true
99090,2023-09-21T15:36:32.998Z,79191.63930338447,5076,true
56187,2023-09-19T03:22:09.602Z,78311.50695126405,8568,true
43384,2023-11-19T01:39:57.205Z,53992.372919368216,8887,true
90033,2023-01-30T23:07:48.005Z,50755.55253715723,9772,true
15697,2024-01-22T04:40:41.349Z,59678.611748795505,2392,true
43066,2024-03-19T17:17:33.617Z,64586.94537249483,5148,true
66194,2023-03-21T04:44:47.060Z,94939.5557878878,6633,true
42583,2023-12-03T17:10:44.955Z,63415.85789308473,5573,true
80343,2024-07-24T23:23:33.711Z,87389.04804252548,1435,true
22315,2023-04-29T08:12:19.382Z,92576.79326715172,6515,true
83780,2024-02-11T16:54:47.151Z,52247.91921606591,4659,true
13835,2024-09-30T14:56:04.051Z,98823.91782441452,4057,true
18761,2023-09-17T02:33:58.105Z,77901.29961594407,5355,true
94916,2023-12-11T23:14:07.881Z,86450.90855595504,6617,true
46100,2023-11-25T07:45:48.653Z,77352.74244290538,2152,true
58602,2024-03-26T16:47:04.122Z,89811.85854510865,9869,true
80570,2024-08-21T21:37:16.496Z,84881.9986272823,4883,true
44997,2024-05-17T05:06:57.327Z,64458.69858788165,3115,true
79518,2024-02-03T05:28:18.261Z,65138.903367106424,3628,true
59934,2023-05-16T06:55:51.580Z,50990.14299901699,5696,true
88996,2023-04-13T16:49:27.957Z,81278.01680061434,7251,true
94767,2024-03-06T10:13:30.861Z,83016.53744213583,2755,true
11017,2024-06-18T07:51:46.981Z,61306.144906472466,5642,true
50420,2023-10-26T22:57:33.718Z,72676.47730426144,1813,true
59545,2023-04-18T02:53:11.636Z,73452.13049279602,6658,true
52286,2023-12-04T19:35:21.966Z,90714.82674716506,6893,true
24689,2023-03-24T05:26:21.585Z,52260.07795877646,3048,true
94793,2024-12-20T22:57:39.014Z,54310.900896189414,9560,true
66392,2023-08-03T15:09:31.153Z,82736.8986382298,9350,true
95512,2023-12-31T04:54:13.610Z,97814.66009674766,8165,true
68922,2024-05-13T13:45:29.629Z,50971.26398797983,2964,true
77123,2023-06-19T03:50:07.244Z,66247.98323189215,2713,true
19706,2024-05-07T13:01:03.093Z,72298.84720031217,9875,true
11866,2024-05-11T03:08:28.284Z,85702.48828662373,2814,true
43083,2023-12-16T16:45:21.350Z,69615.01093502992,2503,true
14955,2023-01-15T05:03:31.705Z,51954.9665122979,3343,true
42219,2024-03-28T19:58:02.029Z,58149.543102423275,8294,true
17884,2023-02-24T07:57:48.449Z,78440.62821007342,6091,true
55938,2023-02-13T13:46:13.587Z,63975.037659345995,5737,true
71791,2023-03-20T23:14:35.796Z,97838.5246652998,5842,true
26486,2024-03-14T15:14:32.262Z,71760.59293798986,8258,true
69483,2023-02-20T14:52:38.282Z,82632.5142774929,1244,true
10493,2023-03-03T04:32:24.267Z,89928.38558960572,2341,true
84497,2024-01-16T18:29:30.195Z,72415.73461471833,4328,true
80973,2023-09-04T00:54:37.309Z,95528.68631264538,9655,true
78536,2024-07-25T15:29:37.567Z,77911.14565029874,6966,true
32971,2024-09-08T20:35:36.387Z,66605.91077469096,2458,true
59780,2024-02-05T07:58:37.476Z,59049.78459457573,4960,true
71664,2023-05-19T11:14:50.260Z,52773.08305475889,1196,true
31273,2023-09-21T11:54:58.785Z,59649.691351839356,7649,true
15729,2024-09-15T17:53:23.049Z,51902.29822385953,8841,true
39555,2023-04-17T11:58:09.948Z,72824.82044644277,4552,true
70395,2023-10-12T07:01:46.819Z,68451.43554314185,7024,true
52916,2024-12-08T00:53:59.974Z,67695.9149887383,8457,true
56521,2024-10-22T00:12:54.212Z,58280.25920161946,9001,true
73317,2024-04-03T17:42:06.745Z,63217.03818209599,1406,true
57866,2023-11-15T15:55:03.825Z,59751.25921442016,5443,true
34403,2024-06-08T11:53:59.754Z,51615.90984630155,4734,true
78691,2024-11-01T23:18:28.138Z,78790.91727705784,6166,true
70566,2024-05-09T23:00:55.579Z,57530.883989267415,1024,true
40491,2024-03-30T21:51:39.425Z,99777.25176815345,4009,true
95345,2023-08-02T03:12:57.293Z,93579.97570240613,1452,true
52991,2023-10-18T12:21:57.400Z,51278.221630793254,1736,true
35028,2023-11-15T23:10:12.023Z,78027.63658670813,9048,true
30196,2023-10-23T09:07:06.429Z,76330.41323432101,8688,true
90064,2023-03-15T20:10:50.219Z,92890.68109866467,1270,true
23921,2024-01-14T17:53:34.040Z,72948.97188522165,1099,true
46109,2024-08-24T12:57:22.795Z,60524.61873025725,4596,true
72893,2023-05-24T12:35:09.175Z,79359.87877792958,3824,true
23739,2023-03-28T21:51:01.976Z,88541.48673935386,2918,true
20225,2024-04-18T17:21:34.840Z,51010.780879919235,5171,true
17395,2024-08-18T20:17:21.629Z,88208.81484169101,3796,true
79191,2024-06-22T23:32:24.267Z,57998.79403127301,1441,true
75112,2024-09-28T06:29:46.144Z,51665.68062139544,3699,true
35615,2024-08-12T10:38:46.002Z,61663.010263945114,2436,true
88452,2024-07-18T11:37:33.127Z,76868.98607599156,8839,true
43599,2023-02-11T03:28:19.763Z,84853.16132179607,3140,true
86603,2024-06-25T11:58:34.986Z,86169.8212209563,4113,true
77467,2023-10-23T01:32:03.714Z,55019.412949218044,6138,true
84931,2024-01-16T17:39:24.547Z,84915.43632845342,2352,true
39573,2023-05-12T07:45:05.963Z,80365.9049138473,5699,true
47112,2023-08-29T01:36:14.874Z,75055.45200966572,7439,true
39543,2024-09-02T23:23:10.410Z,65784.65269965172,6626,true
26387,2024-09-21T14:35:00.388Z,70567.54721226009,7319,true
70928,2024-12-08T20:15:01.785Z,83287.42767817224,2271,true
71703,2023-06-06T08:11:37.962Z,88817.40334259365,7838,true
73816,2023-11-27T14:36:14.939Z,63229.32331166053,5073,true
99090,2024-11-16T13:49:23.923Z,91088.86271195149,2198,true
24335,2023-07-25T21:09:19.765Z,81316.63300294834,1258,true
85411,2024-07-11T19:10:47.072Z,76545.62468756665,9454,true
48425,2023-09-22T01:22:36.716Z,94525.95875220757,1756,true
18271,2024-03-21T18:32:18.033Z,60758.262955914775,4957,true
23728,2024-08-17T12:00:55.158Z,72350.50637915524,7080,true
60500,2023-11-09T13:28:43.639Z,90842.88535636282,3795,true
86473,2024-02-26T20:35:33.972Z,54468.09831115965,6318,true
74645,2023-05-26T21:00:41.400Z,60377.214261501154,8836,true
17572,2024-08-13T23:38:05.845Z,70806.53214896555,5550,true
55532,2023-09-20T05:46:39.518Z,55885.281015911954,2695,true
83779,2023-10-30T10:09:51.301Z,55334.14497098846,5454,true
64945,2023-01-16T20:38:00.719Z,62205.44421418933,3686,true
35139,2023-06-23T17:08:32.004Z,64174.35021174053,7421,true
91899,2023-10-05T20:07:22.403Z,99267.36264207776,8916,true
21974,2024-01-05T05:07:50.650Z,71936.71098354323,3258,true
21014,2023-09-24T02:45:52.210Z,82426.72565135334,2311,true
71387,2023-05-05T09:04:25.116Z,82051.76224631254,7468,true
22255,2023-02-28T10:43:13.516Z,71245.94988583894,1318,true
87840,2023-08-11T07:30:25.094Z,90598.36726813346,4510,true
69077,2023-08-31T22:01:56.744Z,54957.89298936836,8662,true
63033,2024-10-05T08:47:05.367Z,80423.88568269783,4415,true
10597,2024-12-01T17:02:11.493Z,78522.39323986313,8543,true
74533,2023-12-18T04:53:53.607Z,68712.26611085417,2638,true
78832,2023-02-28T10:04:13.329Z,82090.70132892903,8347,true
52613,2024-05-14T10:01:19.083Z,64310.61323584171,6673,true
26922,2024-05-10T06:52:06.546Z,59130.03331688373,2560,true
22311,2024-07-13T02:18:11.539Z,70121.25843011464,8853,true
85678,2024-06-10T09:22:06.655Z,98955.77977982227,9010,true
38051,2023-12-12T09:06:04.853Z,70608.73610770426,2078,true
91008,2023-05-25T18:10:33.238Z,53993.28789384506,8651,true
15164,2023-05-25T00:04:40.148Z,94058.73815496007,8287,true
52598,2024-11-25T13:39:58.144Z,97748.07462755402,6030,true
27368,2024-09-13T22:07:21.933Z,89288.25262548751,8637,true
72869,2023-01-06T14:54:38.783Z,98305.22617427842,3463,true
51860,2023-03-02T22:32:06.818Z,51334.01388399891,4007,true
92301,2023-07-20T03:21:39.763Z,50395.30253383408,4989,true
27738,2023-01-30T19:09:14.693Z,99035.15014311584,9347,true
99495,2023-04-15T14:40:45.372Z,66571.87019173395,2736,true
81455,2024-12-20T20:17:04.123Z,61124.31808495044,5721,true
71991,2024-09-13T13:15:19.310Z,90485.65929226895,3098,true
21278,2023-01-13T17:51:55.183Z,81844.3869880666,4826,true
28735,2024-12-01T16:45:31.390Z,56379.25911644772,1612,true
58874,2024-07-18T00:09:27.668Z,59761.19874737448,1623,true
23774,2024-04-15T23:30:10.214Z,78007.46085389628,2384,true
50912,2023-12-03T03:05:44.637Z,51417.12387219436,3960,true
66068,2024-04-25T12:22:36.679Z,72883.93415436453,3835,true
84563,2023-07-21T14:32:15.174Z,72015.52531271147,4900,true
92854,2024-03-29T06:08:28.405Z,72267.9201080289,7119,true
69697,2023-07-06T18:28:16.851Z,54537.780777894084,6890,true
90045,2023-10-03T01:27:31.942Z,57494.159441889,1128,true
59269,2024-02-26T14:09:36.554Z,77671.09259075571,3630,true
29508,2024-11-12T04:16:48.185Z,68044.98181150151,8290,true
42009,2024-02-22T20:58:19.022Z,85504.28798539395,1552,true
11998,2023-10-30T12:59:46.394Z,66366.935670282,7843,true
59554,2023-07-26T14:43:12.989Z,60837.96014802968,6249,true
96652,2024-02-27T17:04:26.005Z,91443.15005705658,4342,true
26284,2023-07-07T02:56:14.064Z,70667.90134915052,5618,true
46966,2023-03-17T14:56:02.562Z,72298.1158995202,8419,true
99889,2024-08-07T17:19:50.457Z,71089.44137884259,6214,true
27056,2023-07-15T13:58:00.562Z,70517.83284803908,4646,true
60902,2024-06-17T16:51:32.823Z,84653.91738724432,7920,true
52687,2024-09-22T11:55:06.668Z,91114.98645745436,4908,true
80451,2024-05-30T21:05:21.000Z,63386.13745853231,3206,true
41240,2024-07-17T12:21:14.121Z,96307.7525403969,3433,true
34418,2023-12-04T10:08:04.667Z,88303.81669824815,2433,true
98564,2024-08-04T13:40:08.746Z,69033.72897209635,4644,true
11620,2023-01-26T04:12:09.529Z,98290.00268366438,7485,true
60004,2024-03-24T12:45:16.257Z,92376.62438950577,6735,true
47256,2024-04-23T15:12:40.281Z,52430.27465964388,1894,true
23015,2023-06-26T12:32:54.474Z,83334.46802835152,2477,true
57472,2024-05-09T11:43:24.482Z,81256.66912626267,8794,true
41534,2024-08-16T15:39:54.402Z,89553.07569390345,6865,true
65876,2024-11-28T04:27:09.969Z,60978.17990210955,8856,true
35180,2024-06-04T17:04:05.640Z,94473.85031669657,1453,true
45250,2023-06-20T00:55:12.231Z,94979.23570883114,2563,true
94262,2023-03-27T19:12:11.760Z,86440.97066753404,1528,true
56625,2023-06-06T09:44:04.410Z,58086.75998264171,5298,true
26307,2024-07-23T17:08:42.736Z,52339.85051100163,3525,true
95415,2024-06-22T13:25:50.629Z,55810.22863613634,8573,true
53034,2023-10-17T23:30:37.905Z,55884.065499003234,4576,true
86582,2024-03-28T10:27:28.443Z,73745.80539258296,9297,true
59417,2024-08-28T00:59:09.244Z,52017.00363800925,8308,true
84749,2023-11-13T18:45:06.166Z,85955.20269385612,2499,true
68963,2024-02-08T23:39:41.906Z,92939.80687039546,6779,true
38237,2024-03-30T04:16:19.868Z,99743.12898034274,9958,true
94664,2023-10-24T15:21:33.729Z,52389.753563720726,2830,true
99687,2024-03-15T16:54:41.534Z,72541.43396055535,3769,true
30437,2023-02-07T19:10:40.409Z,79899.2064458741,3159,true
93697,2024-04-19T13:25:22.598Z,62505.62904469672,6444,true
57366,2023-02-23T02:34:12.599Z,87020.97046130191,4728,true
92047,2023-06-04T19:20:17.295Z,83237.58691285765,2895,true
45213,2023-09-22T09:02:07.830Z,72303.95660603218,5856,true
78357,2023-09-15T00:47:49.607Z,64947.05726506893,2970,true
42310,2024-01-30T13:49:40.908Z,60750.03728713177,8362,true
97396,2024-07-16T10:45:53.470Z,89955.94137907101,7949,true
53291,2023-11-23T18:37:43.762Z,76093.61786848103,4030,true
36834,2024-05-06T10:45:08.293Z,64420.05641873158,7757,true
63957,2024-08-16T16:38:19.517Z,53629.12862765693,1594,true
10113,2024-08-16T04:13:02.151Z,99351.20361157303,2144,true
61872,2023-10-06T13:42:25.235Z,93543.41031524798,5829,true
77847,2024-01-31T05:06:40.054Z,53197.68840267913,6840,true
60596,2024-12-22T03:59:10.678Z,68131.86246274777,1787,true
50694,2023-11-07T23:03:01.187Z,50871.2146686847,3664,true
43075,2023-10-07T15:57:35.349Z,54827.06791815212,5833,true
39061,2023-06-04T08:48:11.708Z,87310.38903034525,9728,true
10686,2024-09-12T14:44:54.663Z,78718.73708604164,7475,true
12338,2023-07-07T09:10:11.971Z,85251.84039481115,4671,true
96578,2024-03-23T02:47:13.516Z,77293.03011534011,1670,true
33462,2024-11-06T21:12:46.707Z,57261.56895734437,6424,true
23978,2024-06-14T23:54:11.589Z,81315.32604085545,2066,true
96316,2023-09-20T18:20:56.023Z,69849.06342282819,6947,true
72338,2023-10-14T18:14:40.269Z,68222.55512323134,7749,true
56590,2023-05-10T08:09:30.480Z,92835.46584805913,4725,true
65307,2024-08-31T17:20:25.222Z,90378.86900940134,7053,true
77912,2024-05-15T11:49:16.564Z,94628.4965553417,8980,true
65283,2024-12-01T03:10:52.393Z,82912.63164713934,4097,true
63339,2023-11-25T19:31:13.793Z,77677.60331409694,2882,true
90923,2023-03-27T22:43:16.361Z,75359.73941260787,6355,true
16313,2023-04-19T20:33:41.244Z,71517.84138377346,8109,true
40315,2024-10-07T11:56:36.696Z,57305.96333949208,4897,true
53426,2024-05-19T11:37:41.351Z,92898.83398197824,5976,true
52694,2024-09-15T06:53:14.837Z,99677.17946114347,2921,true
10054,2024-02-25T04:48:49.919Z,59793.11311409392,8999,true
84598,2023-08-17T16:36:53.305Z,64182.936733059454,5569,true
52609,2023-02-17T14:57:35.368Z,91883.15199727706,9308,true
26028,2023-03-25T02:16:26.776Z,90496.76752743595,4878,true
55253,2023-10-04T20:47:26.429Z,74636.6609824314,9417,true
34857,2024-12-21T11:48:02.410Z,85786.16400573257,5219,true
58797,2024-01-21T06:55:05.849Z,68705.64301603285,7344,true
57463,2023-01-25T16:59:32.897Z,89116.83981557889,1560,true
11240,2023-05-27T22:38:24.503Z,99634.06223460293,6551,true
71636,2024-06-03T04:19:32.420Z,81928.69241082208,3669,true
53957,2023-01-20T00:22:20.403Z,76756.92874548903,2862,true
51867,2024-10-01T06:22:20.578Z,57048.25968016176,3799,true
32589,2024-02-13T16:04:23.707Z,98083.0773420315,2367,true
85729,2024-02-26T08:48:54.028Z,50964.086575148496,7446,true
14600,2023-11-18T14:41:36.708Z,88883.51635839227,4747,true
13468,2024-10-19T20:21:32.662Z,87123.92430740579,1487,true
56454,2024-04-28T18:57:01.170Z,51244.57124374978,6068,true
54013,2024-05-17T09:24:37.252Z,73990.50044226549,8881,true
46861,2024-08-28T18:10:32.789Z,91652.53302007049,9889,true
12020,2024-08-03T08:20:12.027Z,51272.30470283324,6416,true
54998,2023-01-13T00:02:46.955Z,98658.53643961845,7942,true
15740,2024-07-05T13:30:35.983Z,52827.08348905736,3079,true
77299,2024-10-29T12:11:57.709Z,50410.314590293805,1116,true
48926,2024-01-31T09:50:41.616Z,69511.07912599023,5925,true
14958,2024-12-10T06:15:41.831Z,81072.86769225945,5322,true
60809,2023-08-04T02:06:47.311Z,51470.789103734205,5686,true
74388,2023-03-11T16:36:47.120Z,88655.81001220964,7882,true
55374,2023-11-07T16:23:50.848Z,57004.07535848465,9507,true
27114,2023-06-05T08:23:13.100Z,61706.119699530085,8030,true
34010,2023-06-29T19:12:17.069Z,84877.83555835286,5246,true
86860,2024-05-25T14:49:48.012Z,57736.82299047018,1932,true
86499,2023-05-23T18:53:40.800Z,68957.0700699298,5656,true
13997,2023-10-12T02:07:45.050Z,91452.26163423341,4412,true
99803,2024-07-13T17:34:38.881Z,81259.67002484878,1964,true
79087,2024-01-30T22:48:43.878Z,80194.78526750072,4530,true
96379,2023-08-06T18:36:57.149Z,93349.45000945024,8532,true
27419,2024-02-16T22:12:00.879Z,57842.90392598021,1735,true
61194,2023-11-23T00:02:39.457Z,66264.2492629607,7536,true
61528,2024-09-04T06:41:32.252Z,59914.80209338865,1747,true
10673,2024-07-04T17:30:16.154Z,63635.76063332915,9172,true
71506,2024-08-21T03:38:50.081Z,85477.42717921277,4715,true
82166,2023-07-18T23:01:12.195Z,61937.27106622049,7698,true
36642,2023-04-24T13:09:29.010Z,67108.5764778539,2258,true
56697,2023-05-16T10:00:24.710Z,52854.92156799302,2893,true
25225,2024-05-29T13:29:41.661Z,64857.79382935902,1838,true
47591,2023-03-14T18:57:53.956Z,89688.062255728,5567,true
75393,2023-08-18T12:26:13.236Z,68486.47075363528,2132,true
80340,2023-11-19T12:53:06.761Z,53548.84817947915,4884,true
17153,2024-01-16T04:37:38.465Z,70356.39667998964,4871,true
76122,2023-05-07T07:03:52.278Z,82278.3590186223,7314,true
49670,2024-02-06T01:12:34.559Z,98792.32293423644,4213,true
41671,2024-02-12T21:15:45.724Z,53429.95906107955,6792,true
28180,2023-02-09T17:00:55.637Z,62817.72910794972,8577,true
24962,2024-08-31T12:28:29.793Z,94789.66893367088,2151,true
38194,2023-01-15T08:58:48.673Z,51878.44033775114,3317,true
24165,2024-10-26T06:51:48.586Z,67148.35202221344,3815,true
78841,2023-03-31T18:19:20.147Z,64119.28512310108,1107,true
51791,2024-12-30T20:43:09.499Z,69984.64153935481,3606,true
77266,2024-11-14T09:02:31.385Z,71850.18618745543,1447,true
87180,2024-04-09T04:00:17.130Z,74705.0296465371,5862,true
49466,2023-05-02T02:46:28.592Z,99221.2007423747,9904,true
13469,2023-02-10T23:42:02.135Z,54512.63337447328,7990,true
10113,2024-05-08T12:27:26.521Z,50255.297301156024,4024,true
58653,2024-09-16T19:46:35.889Z,51897.26391705055,1911,true
35356,2023-03-18T12:14:46.259Z,94946.93666536015,7346,true
82498,2023-03-03T18:21:56.860Z,92850.67678969866,9554,true
26405,2023-11-09T14:07:41.721Z,94759.44006674015,9170,true
14014,2024-11-26T03:37:26.811Z,98671.57365446325,8582,true
62303,2024-04-27T07:16:45.459Z,99373.89081909807,1433,true
21546,2023-02-01T16:29:50.814Z,85371.45760596322,4981,true
95023,2024-10-07T22:27:55.442Z,55191.471256255085,6516,true
52244,2023-09-24T07:17:36.713Z,74311.83991385711,6112,true
31542,2023-09-27T09:07:36.574Z,88481.3928257039,7106,true
20790,2023-09-06T09:56:54.439Z,92482.93466106875,8374,true
35550,2024-05-20T09:26:53.117Z,52744.986307910236,8168,true
76958,2024-08-10T21:39:00.660Z,50885.76881556666,2217,true
24109,2023-04-10T11:02:26.613Z,93370.3552376877,6194,true
79216,2023-06-15T01:25:54.545Z,92427.98214854221,1334,true
89884,2024-12-07T14:06:39.562Z,69596.82375993772,6654,true
31506,2023-10-29T07:43:50.261Z,95518.4091247929,2373,true
91854,2024-03-06T06:31:40.675Z,55405.508668619055,5263,true
21262,2024-02-11T10:19:33.809Z,50895.89948133834,2727,true
12900,2024-12-10T00:38:24.259Z,57705.132034943235,7169,true
85865,2023-02-10T19:31:12.862Z,64647.073448917174,2265,true
21724,2024-09-24T06:47:00.135Z,77202.69470676704,5754,true
22103,2023-10-28T20:34:53.654Z,81710.98458759632,6647,true
54200,2024-09-23T16:54:00.015Z,93176.77931752773,4833,true
62088,2023-01-22T13:03:53.354Z,78848.50787315326,1802,true
86000,2024-02-20T10:34:32.574Z,63960.27611892781,9660,true
55112,2023-09-04T02:08:54.555Z,82487.90400342617,8045,true
56376,2023-03-18T21:35:30.429Z,98185.12991346695,8839,true
12399,2023-09-14T17:02:38.904Z,67631.09184501857,7440,true
56233,2023-06-05T17:23:51.979Z,76873.39722901653,5774,true
26343,2024-01-11T12:59:07.609Z,93084.84517510503,5386,true
84544,2024-01-14T06:13:34.714Z,57649.96786648371,4799,true
41372,2024-10-03T19:26:09.202Z,67624.85243334419,6947,true
89935,2023-05-09T11:41:09.036Z,61608.25281807175,8439,true
19621,2023-09-15T12:57:50.216Z,90071.95711365581,2708,true
58271,2023-12-14T17:14:38.613Z,97830.43604918032,3274,true
86682,2023-12-23T21:24:23.334Z,88145.9659132537,2978,true
47505,2024-05-12T19:13:01.197Z,52619.98036190162,5820,true
38512,2023-08-14T11:59:33.496Z,68012.87189485377,8342,true
41389,2023-06-15T20:03:20.441Z,74117.7397167398,5763,true
90009,2023-08-05T03:15:00.435Z,52124.538026692666,4979,true
88440,2024-09-26T12:20:32.152Z,93718.93390570095,6560,true
54391,2023-08-03T04:46:21.906Z,92304.6537882946,9483,true
39973,2023-03-12T15:21:45.196Z,58291.00593298687,5212,true
74545,2024-03-25T23:02:05.296Z,84390.1190883716,2675,true
19949,2023-09-19T15:38:13.493Z,82951.63200253881,5609,true
28187,2023-01-03T03:45:17.122Z,86421.42517965204,4187,true
33677,2023-10-04T18:54:15.522Z,86980.99518918539,1189,true
44290,2024-04-13T03:53:08.314Z,63278.41482904691,5794,true
42012,2024-04-18T23:12:52.209Z,77811.05801252811,1749,true
91974,2023-10-14T02:35:50.939Z,89768.71197101349,6916,true
55826,2024-10-19T23:24:04.956Z,53914.03292898157,9793,true
75260,2023-02-03T19:32:08.462Z,99315.1127250549,5219,true
40688,2024-02-19T07:00:21.811Z,69841.97877426943,8025,true
31858,2024-07-16T15:09:14.528Z,58341.08850886949,1871,true
14115,2023-04-23T15:54:04.423Z,64895.86125210074,3252,true
42879,2024-05-23T05:58:53.184Z,80208.48979575158,1798,true
39859,2023-02-18T08:50:07.112Z,76358.43096190393,7699,true
51742,2023-10-18T10:01:29.054Z,72018.8168485135,9755,true
95493,2024-04-21T20:54:59.161Z,76691.48835289903,1623,true
50596,2024-05-01T06:49:28.427Z,77706.91265218052,1784,true
39798,2023-01-20T17:28:21.686Z,91616.71195777773,8948,true
11038,2024-07-24T08:39:17.374Z,72344.59947761791,2000,true
30050,2024-04-23T09:32:22.935Z,97846.53568599347,3744,true
18103,2024-04-18T08:05:15.701Z,88914.24379599732,6679,true
11200,2024-10-03T08:05:22.075Z,69097.8618904064,9756,true
82791,2024-10-21T18:40:58.854Z,94732.58427954999,3583,true
65550,2023-05-12T23:45:26.012Z,52996.51833516148,2901,true
10166,2024-02-26T07:35:23.019Z,93369.84013841953,5618,true
46959,2023-11-27T06:00:00.063Z,56966.32875364539,2052,true
13326,2024-04-21T04:38:03.615Z,51952.05969037604,1279,true
26595,2024-06-28T08:08:20.398Z,83295.0229144526,9827,true
36673,2024-09-08T15:04:54.942Z,55238.848174039784,1705,true
49368,2023-01-09T19:17:22.575Z,69923.16339012052,4130,true
79770,2024-11-05T02:20:43.250Z,57688.461668050295,3685,true
50477,2023-04-30T14:29:52.571Z,74826.274871239,9720,true
43824,2024-08-28T17:10:23.314Z,59301.5819453236,3688,true
89590,2024-12-11T20:30:34.935Z,76952.68671787714,4972,true
12005,2024-08-05T09:48:06.041Z,68615.03579022043,8895,true
70516,2023-05-26T09:46:34.579Z,77115.020682583,3897,true
73883,2024-04-17T07:01:47.701Z,55903.34214022002,9449,true
61782,2023-06-01T10:24:08.432Z,76819.65412770979,6791,true
19574,2023-02-13T13:53:08.044Z,89169.3203511366,4177,true
76494,2024-01-22T16:58:29.172Z,71081.79848467933,9026,true
71588,2024-02-05T00:18:45.174Z,69215.49666706761,6207,true
44000,2024-07-29T10:59:38.886Z,79371.24937767652,2695,true
68282,2023-03-29T02:05:56.871Z,56123.76315027397,4228,true
44002,2023-09-17T08:18:55.459Z,90763.62701074616,5695,true
78036,2024-01-12T20:45:28.968Z,81634.51747825902,6711,true
96436,2023-07-05T13:15:38.103Z,86808.85784452158,1091,true
31895,2024-10-20T09:41:17.873Z,51262.33230685667,3271,true
87188,2023-02-26T01:41:53.933Z,66334.5793188106,2409,true
58741,2023-03-19T09:12:17.537Z,97479.12075532085,5428,true
69928,2024-12-17T02:42:54.246Z,55501.352612025454,1847,true
59615,2023-07-03T23:17:42.943Z,86025.44004196751,8939,true
12027,2024-03-15T18:16:35.315Z,91017.30856242914,9497,true
30402,2023-09-26T00:32:35.177Z,92367.55629711335,7520,true
40785,2023-09-21T13:13:03.172Z,65221.756422954844,9797,true
50108,2023-01-20T15:29:44.885Z,54803.640205673524,6530,true
23462,2023-09-18T14:17:46.745Z,71357.32922247663,3735,true
39975,2024-10-04T20:50:53.587Z,51270.81967247879,5894,true
36133,2024-02-13T22:39:52.155Z,70290.21900754537,4030,true
42733,2023-06-25T16:14:52.373Z,52397.02626286549,4473,true
76615,2023-12-26T14:07:00.170Z,51001.658257313466,2559,true
17266,2024-12-21T13:34:58.728Z,94652.90626207997,9941,true
27559,2023-08-21T04:21:06.935Z,68962.6446584491,9314,true
65747,2023-07-23T11:16:48.635Z,67239.20034152387,7586,true
50878,2023-11-09T22:15:48.388Z,94002.91786458746,8016,true
23880,2023-05-04T06:08:03.590Z,99741.76415334511,3326,true
46356,2023-01-08T23:01:07.943Z,88374.72542289674,5541,true
35917,2023-09-28T23:01:19.450Z,68871.96123620596,6843,true
65868,2023-11-23T05:15:53.655Z,94664.15699209264,6101,true
28745,2024-06-11T19:41:22.726Z,80567.54111087133,3455,true
84944,2023-03-10T19:48:18.188Z,78193.13243451208,3029,true
24155,2023-07-15T09:15:26.732Z,58313.87441825174,7429,true
34274,2023-09-08T07:20:56.296Z,79187.45056375505,6572,true
48111,2023-04-18T00:04:36.711Z,66337.18198278095,2830,true
68299,2023-05-20T01:14:06.437Z,61017.38647743428,9438,true
77054,2024-02-27T02:55:51.072Z,50653.25952271495,8629,true
32897,2024-05-29T09:58:46.489Z,71333.97652333145,8251,true
42902,2023-01-08T15:02:48.399Z,96498.13024566633,7943,true
54362,2024-03-14T17:17:47.182Z,58710.03778075657,2960,true
73452,2023-11-12T20:24:05.281Z,61874.441464945616,7550,true
97298,2023-07-21T14:18:06.395Z,90454.89626989313,2949,true
80777,2023-11-08T05:47:07.631Z,55170.229342889696,2379,true
32398,2024-06-16T15:24:10.799Z,96194.58138076658,1993,true
54489,2023-06-23T00:33:36.861Z,59351.24731663235,8799,true
98594,2023-12-27T21:22:44.751Z,97412.30698403709,4758,true
39616,2024-05-22T06:34:04.789Z,67390.71788155285,2606,true
23978,2024-01-30T15:45:33.981Z,55740.24213794159,4913,true
12176,2023-02-11T22:38:09.799Z,59764.994715766996,7320,true
27821,2024-12-18T21:34:57.674Z,79030.63443692544,4901,true
25358,2023-09-30T23:50:19.505Z,57354.49900110876,6955,true
80158,2024-01-07T07:14:47.270Z,83899.94345851755,5296,true
56118,2023-04-09T03:34:59.158Z,51722.613965481076,9515,true
43630,2024-08-07T08:51:43.311Z,69597.03909681799,3687,true
43140,2024-01-24T13:50:57.956Z,77668.39180939864,9437,true
82869,2023-08-26T03:28:12.536Z,57867.38815600752,8948,true
96121,2023-02-19T16:27:49.701Z,52520.28220951283,1478,true
81469,2023-03-08T01:23:19.868Z,64112.37559387708,6013,true
88207,2024-12-02T01:55:59.884Z,79926.63472449002,8225,true
10157,2023-03-18T01:19:27.813Z,77480.48524279248,5806,true
22792,2023-09-08T19:28:32.345Z,99545.12621679173,5187,true
82526,2023-03-30T19:57:39.963Z,63724.52968957828,1197,true
27518,2024-03-18T17:59:21.484Z,56360.96783118382,2819,true
69715,2024-09-18T09:41:13.105Z,95833.6592520662,6780,true
20801,2024-10-21T02:46:05.643Z,76482.94699939218,2717,true
93715,2023-08-28T22:47:16.941Z,97069.30294721546,3802,true
72901,2024-10-28T05:29:54.392Z,86465.00639704362,4408,true
40677,2024-02-25T06:50:39.859Z,70631.96270631094,6474,true
62058,2023-05-31T05:42:12.982Z,87016.57445827857,3537,true
36511,2024-06-18T09:55:48.149Z,72318.84222765145,8117,true
22451,2024-03-23T09:29:14.239Z,53133.46450701543,9371,true
92762,2023-12-07T05:38:20.093Z,81485.73817671047,9555,true
55192,2024-08-01T06:06:28.845Z,96116.35741048411,9232,true
37432,2023-08-28T17:48:50.449Z,80802.06906846374,6448,true
28283,2023-08-12T02:30:59.209Z,80567.32684984707,1502,true
89427,2023-08-26T03:10:37.595Z,71894.90892222119,3380,true
30291,2023-12-17T14:31:46.004Z,90345.37071647594,9269,true
20490,2024-06-17T03:09:40.390Z,74125.71278487315,3679,true
89949,2023-11-09T13:17:21.778Z,68942.8383176363,5330,true
96031,2024-05-24T09:15:39.812Z,73902.09162309082,6257,true
32991,2023-11-05T06:06:01.773Z,82913.33941688409,1701,true
85619,2024-08-24T14:44:04.478Z,79601.55777447092,1137,true
21448,2023-12-25T16:46:11.379Z,93002.49498713361,6405,true
15075,2024-02-14T19:57:03.189Z,65832.38268009071,3986,true
68590,2024-06-11T17:36:06.443Z,86437.2061264907,6704,true
60110,2023-12-03T08:58:58.822Z,91595.71238864648,8158,true
29506,2023-08-30T07:53:51.127Z,92481.3115535741,8622,true
46158,2023-06-29T02:02:05.599Z,78499.36359811493,1529,true
29263,2023-09-04T00:53:35.323Z,80623.03051173793,8334,true
49238,2023-05-14T01:07:45.729Z,91991.56813782942,3005,true
73900,2024-02-22T15:16:29.530Z,76576.96667748073,9073,true
78103,2023-06-07T21:22:28.284Z,52127.45482638889,9851,true
81129,2023-04-17T09:15:26.173Z,97732.31749550426,2699,true
63079,2023-03-17T12:53:56.573Z,66102.78199346692,5643,true
78136,2024-08-15T02:35:26.659Z,67219.75308661594,4376,true
67924,2024-08-26T10:43:07.597Z,68202.39444492706,3461,true
44606,2024-05-03T13:21:58.035Z,62878.68812665649,3716,true
99960,2023-06-02T20:30:28.274Z,51238.766883038414,8903,true
94329,2023-02-01T10:06:44.585Z,60219.57157119736,2673,true
73533,2023-03-04T23:49:12.945Z,70566.73193463837,1172,true
34249,2024-04-11T19:43:19.295Z,80242.42477977667,5271,true
87296,2024-03-01T16:52:19.869Z,91789.855480166,4982,true
33329,2023-07-15T17:32:22.407Z,80332.68220566922,3356,true
60029,2023-10-31T15:55:04.439Z,56571.50307772116,4995,true
88658,2023-08-02T21:41:57.767Z,60298.23626727588,3878,true
66312,2023-04-06T04:56:21.101Z,67788.21405006674,9099,true
83344,2024-11-28T16:47:58.779Z,77862.91043686405,8290,true
21767,2024-12-07T19:31:27.546Z,84610.74138760383,3662,true
72545,2024-10-11T16:55:54.790Z,75250.22427023934,7743,true
21570,2024-12-13T02:10:40.685Z,50223.898811247185,8122,true
23589,2024-07-03T01:08:17.762Z,99370.48283987865,8741,true
16293,2024-07-20T01:07:55.709Z,61099.502997519405,8556,true
10848,2024-10-25T21:46:53.431Z,60134.47240999427,3989,true
60555,2024-10-28T15:09:25.791Z,83668.4979721443,2174,true
46102,2023-10-22T20:21:34.935Z,68613.33589745633,6173,true
65163,2024-03-03T13:55:32.706Z,68729.83927429537,7284,true
80042,2023-03-20T20:09:43.824Z,50173.49101681834,3021,true
49028,2023-03-13T18:44:03.535Z,80726.3804430702,5207,true
78399,2023-02-02T09:55:10.927Z,56037.65045986772,5041,true
68330,2024-07-11T10:09:04.898Z,89341.48857051018,6217,true
81079,2024-07-28T16:26:11.137Z,98430.14625301164,5707,true
24221,2024-03-02T06:46:52.062Z,55388.59314246757,9587,true
16560,2023-06-09T08:52:31.082Z,55861.029538489325,7416,true
93589,2023-03-13T07:13:12.882Z,86794.52681907071,5360,true
71874,2023-10-05T01:27:29.742Z,90484.71972486682,9657,true
29180,2024-08-26T15:46:21.112Z,72394.24787796823,8429,true
20139,2023-03-05T05:15:18.372Z,89782.71048915965,7481,true
20073,2024-01-19T22:26:24.989Z,95525.92607719169,4664,true
93904,2023-10-08T12:07:08.209Z,68963.74757301612,7554,true
81500,2024-10-09T12:25:11.954Z,74632.71399939845,4738,true
31795,2024-12-24T08:02:11.196Z,59958.91912074221,6764,true
35730,2024-12-21T13:56:14.336Z,97808.30396556208,7901,true
40724,2024-07-19T12:22:37.090Z,55095.26628538473,8168,true
19888,2023-05-09T02:30:17.162Z,68619.83389668365,7279,true
13185,2023-04-06T07:50:26.304Z,98540.54998912514,4312,true
86830,2024-02-15T06:24:46.794Z,50325.47910174724,9465,true
68044,2023-06-13T21:31:45.513Z,95805.6766589659,7574,true
42128,2024-04-05T16:59:15.730Z,93578.55232904386,6510,true
50292,2023-06-17T09:21:33.445Z,80998.47657721645,2875,true
31199,2023-05-03T18:15:57.437Z,61739.673761854145,6444,true
88549,2024-08-07T00:08:40.946Z,76371.61991097065,1731,true
42070,2024-06-24T18:36:14.270Z,75911.98074774565,5930,true
15638,2024-09-08T21:56:07.471Z,74537.35008258786,9346,true
53066,2023-05-11T14:30:18.891Z,54642.45789848015,3068,true
41958,2023-10-16T18:48:54.518Z,60347.99619708987,3417,true
26807,2023-01-11T22:16:26.643Z,63131.96011178696,7408,true
57429,2024-05-07T02:36:40.893Z,93398.97225445724,8498,true
59171,2023-09-26T16:41:05.168Z,90110.46924929458,6970,true
66159,2024-01-02T10:40:34.415Z,84614.2481026143,3881,true
78998,2024-05-31T13:13:45.331Z,96843.90404757872,3810,true
86910,2024-02-03T05:18:03.441Z,60470.96024681586,8290,true
99071,2024-10-17T21:32:07.596Z,71768.19726191211,4022,true
34455,2023-12-31T23:04:35.886Z,55672.48867187258,6101,true
52950,2023-02-08T02:58:23.053Z,57295.896989481196,8247,true
57450,2024-08-21T04:33:00.622Z,98852.52907458825,7356,true
98052,2023-06-02T16:27:48.408Z,55771.24267346361,8710,true
43550,2023-05-19T01:07:05.767Z,62321.04517615837,7872,true
98229,2024-11-19T13:22:43.454Z,77907.11277766491,4516,true
88335,2024-06-02T08:43:41.352Z,53068.507624479644,7441,true
98731,2024-02-12T17:56:58.484Z,85338.49476653122,3959,true
57571,2024-12-12T05:17:16.107Z,97862.10691268783,8903,true
86405,2024-10-25T23:43:31.512Z,66976.92799498752,3407,true
16336,2024-02-07T13:05:40.435Z,92660.61607275592,6639,true
91342,2023-08-01T13:21:42.131Z,69167.8408570934,9113,true
70132,2023-07-31T15:21:41.707Z,64298.52807978912,3257,true
98506,2023-11-15T00:29:37.512Z,77471.22553380308,9647,true
11188,2024-07-03T02:49:29.914Z,55999.95686679167,8665,true
22109,2023-06-10T17:40:47.274Z,80558.3873191655,1730,true
45275,2023-10-26T14:06:03.975Z,87933.23997748434,3816,true
71583,2023-12-05T06:46:35.640Z,72321.00438461405,1997,true
49090,2023-08-29T07:52:00.822Z,58587.430659052356,9885,true
21057,2023-03-07T22:41:57.581Z,94048.57824975796,2339,true
93129,2023-05-06T12:26:11.386Z,69410.08891095831,7534,true
57163,2023-10-12T18:26:58.976Z,69415.18986029495,2780,true
48825,2024-08-10T07:24:35.507Z,65765.65398161471,6582,true
16711,2023-03-10T09:03:04.432Z,90333.30860958999,8388,true
96447,2023-07-15T02:18:57.682Z,51379.91207612677,4254,true
51665,2023-09-22T12:48:37.867Z,73351.8902445484,7219,true
58081,2023-02-11T07:18:32.519Z,86140.16911048107,3242,true
55462,2024-10-07T13:59:07.773Z,53162.515466179626,4145,true
69553,2024-01-31T15:01:33.602Z,62857.74942865469,6477,true
10471,2023-06-22T17:24:13.200Z,51951.54925149972,8476,true
45523,2024-08-10T18:31:08.508Z,99098.63354753176,8335,true
30464,2023-06-17T16:35:49.099Z,68094.0745515851,3795,true
52708,2024-10-13T12:18:06.417Z,87857.10917038584,1412,true
86282,2024-07-20T22:23:27.997Z,86193.002368452,7897,true
71665,2023-01-15T17:34:32.325Z,65047.16970615505,1069,true
89930,2024-04-18T06:35:24.383Z,85769.10323117941,1916,true
31015,2023-01-07T17:56:54.663Z,89744.06827164692,1477,true
29759,2023-09-30T18:48:33.598Z,76676.3519342926,5405,true
76710,2023-05-12T21:08:20.238Z,81490.24793922032,9786,true
12546,2023-04-02T19:00:16.151Z,97106.22313313553,5564,true
33620,2023-11-24T06:56:06.874Z,50935.95679201909,1635,true
28554,2024-08-15T05:58:06.044Z,82260.58151923759,3408,true
78493,2023-01-23T11:46:38.096Z,78498.25253466824,3742,true
88930,2024-05-24T00:31:55.212Z,50623.30521752363,7538,true
69006,2023-05-20T08:13:28.652Z,90818.8848724206,2960,true
62063,2023-03-13T21:10:44.906Z,93486.0268047464,1236,true
34414,2024-02-25T19:22:02.727Z,52564.601941524896,9145,true
22616,2023-09-20T04:14:34.944Z,76354.55107287939,7684,true
24857,2023-08-29T12:42:16.332Z,68127.73829142771,1168,true
72058,2024-01-15T05:16:01.582Z,90747.0355192298,2491,true
26316,2023-04-06T14:44:06.859Z,85671.10143904533,4092,true
69986,2023-11-28T04:26:33.427Z,88004.52745782322,5949,true
74536,2023-10-08T23:40:42.997Z,98280.37643564255,2414,true
81045,2024-12-15T08:22:10.474Z,97921.03951730757,6470,true
23012,2024-06-09T04:14:18.528Z,54653.76516758004,2756,true
31289,2023-08-27T02:56:12.895Z,72398.25927865828,6813,true
42954,2024-05-03T22:44:15.685Z,73076.16315511997,8758,true
58538,2024-03-16T05:11:16.232Z,77367.88192272563,3759,true
85994,2023-09-13T15:34:24.655Z,92804.73533778719,8462,true
35124,2023-10-09T06:33:53.330Z,78906.81552989675,3769,true
77548,2023-10-26T20:56:17.291Z,58165.67287646669,7502,true
97852,2023-09-26T22:15:34.495Z,76312.42158560194,7671,true
36706,2023-10-20T17:23:28.200Z,74228.42813000332,2669,true
32339,2023-07-20T01:24:44.238Z,72563.06298369396,3369,true
14624,2024-03-20T03:11:00.267Z,89095.56993330261,4220,true
66206,2023-05-01T00:35:49.084Z,61665.2559171279,4098,true
63336,2023-08-08T20:26:15.139Z,84305.86006936619,8947,true
30565,2023-02-10T13:25:07.129Z,76602.12462056876,6139,true
11157,2023-12-29T16:42:38.035Z,96787.66976672909,8260,true
57614,2023-02-27T15:04:22.500Z,97576.80090918201,5811,true
67211,2024-05-13T07:57:44.556Z,92608.29385505365,1635,true
59304,2023-05-01T22:56:14.778Z,75775.73104336503,3923,true
71610,2023-09-20T02:50:26.978Z,56458.06707384732,7209,true
69780,2024-03-02T15:02:24.398Z,85867.62471648236,3845,true
54168,2024-01-16T16:06:35.229Z,98102.61888889605,4553,true
47879,2023-03-31T07:52:10.580Z,97673.01110304316,8861,true
39845,2024-02-21T10:37:49.683Z,62371.08550592631,6888,true
41684,2023-05-30T23:37:17.146Z,83827.95035183549,5249,true
78754,2023-07-14T07:02:56.848Z,61604.60335410561,3916,true
72835,2024-04-19T04:51:09.869Z,74196.60404944881,9302,true
86595,2023-10-19T02:47:16.383Z,89295.82072520012,2989,true
41654,2023-06-01T19:29:02.640Z,74122.1464097174,2800,true
54764,2023-07-01T10:52:10.554Z,86141.17497158024,1194,true
27450,2024-02-13T13:34:29.292Z,60181.42342894829,7165,true
89267,2024-04-06T02:17:18.226Z,98835.48042985002,5388,true
26838,2023-02-24T11:05:26.388Z,97722.05274759192,6668,true
82753,2023-10-26T05:56:59.018Z,58752.633809954306,6393,true
77729,2023-03-15T00:57:23.105Z,65903.71487268973,7623,true
51286,2023-02-04T18:34:33.404Z,97976.56058401636,1872,true
42965,2023-02-17T13:10:52.898Z,65506.14325371991,7531,true
22456,2024-02-06T17:30:53.226Z,77270.19523240672,4562,true
31364,2023-02-14T08:30:17.998Z,68512.79614885058,2618,true
30816,2023-10-12T19:44:05.367Z,63489.47651151175,9973,true
64560,2024-04-19T16:49:09.273Z,77033.1940839034,8267,true
68169,2023-07-09T02:07:14.101Z,67970.16790478601,2473,true
82037,2023-10-26T02:16:53.632Z,62830.51443010689,2662,true
53056,2023-05-22T17:27:21.838Z,93270.20013604345,3238,true
55041,2023-04-07T00:30:09.511Z,85521.06054232262,6587,true
91938,2023-12-11T21:40:39.675Z,71885.82731936204,1300,true
45902,2023-10-14T22:01:33.644Z,79297.39367538183,2012,true
43813,2023-10-06T03:05:14.928Z,67068.62753261456,9119,true
71823,2023-06-30T01:15:20.730Z,89263.16070304406,4381,true
